,Name,Created,learning_rate,lr_warmup_steps,max_train_steps,adam_beta2,adam_weight_decay
0,audiocaps-10%-lora-sd1_5-lr1e4-48k-10kwarmup,2023-08-07T12:48:20.000Z,0.0001,10000,48000,0.999,0.01
1,audiocaps-10%-lora-sd1_5-lr1e3-116k-20kwarmup,2023-08-09T10:08:05.000Z,0.001,20000,116000,0.999,0.01
2,audiocaps-10%-lora-sd1_5-lr1e4-116k-20kwarmup,2023-08-09T14:36:53.000Z,0.0001,20000,116000,0.999,0.01
3,audiocaps-10%-lora-sd1_5-lr1e5-116k-20kwarmup,2023-08-10T01:24:45.000Z,1e-05,20000,116000,0.999,0.01
4,audiocaps-10%-lora-sd1_5-lr3e4-116k-20kwarmup,2023-08-12T18:41:47.000Z,0.0003,20000,116000,0.999,0.01
5,audiocaps-10%-lora-sd1_5-lr3e3-116k-16kwarmup,2023-08-12T20:20:00.000Z,0.003,16000,116000,0.999,0.01
6,audiocaps-10%-lora-sd1_5-lr1e3-252k-30kwarmup,2023-08-13T01:59:02.000Z,0.001,30000,252000,0.999,0.01
7,audiocaps-10%-lora-sd1_5-lr3e3-252k-60kwarmup,2023-08-14T01:26:04.000Z,0.003,60000,252000,0.999,0.01
8,audiocaps-10%-lora-sd1_5-lr3e4-252k-16kwarmup,2023-08-14T19:56:15.000Z,0.0003,16000,252000,0.999,0.01
9,audiocaps-10%-lora-sd1_5-lr3e3-252k-16kwarmup,2023-08-14T19:56:27.000Z,0.003,16000,252000,0.999,0.01
10,audiocaps-10%-lora-sd1_5-lr1e4-252k-16kwarmup,2023-08-14T19:59:26.000Z,0.0001,16000,252000,0.999,0.01
11,audiocaps-10%-lora-sd1_5-lr1e3-252k-32kwarmup,2023-08-14T20:05:17.000Z,0.003,32000,252000,0.999,0.01
12,audiocaps-10%-lora-sd1_5-lr1e4-252k-32kwarmup,2023-08-14T20:08:33.000Z,0.0001,32000,252000,0.999,0.01
13,audiocaps-10%-lora-sd1_5-lr3e3-252k-32kwarmup,2023-08-14T20:11:06.000Z,0.003,32000,252000,0.999,0.01
14,audiocaps-10%-lora-sd1_5-lr1e3-252k-16kwarmup,2023-08-14T20:15:08.000Z,0.001,16000,252000,0.999,0.01
16,audiocaps-10%-lora-sd1_5-lr7e4-252k-28kwarmup,2023-08-15T17:13:22.000Z,0.0007,28000,252000,0.999,0.01
17,audiocaps-10%-lora-sd1_5-lr5e4-252k-28kwarmup,2023-08-15T17:14:41.000Z,0.0005,28000,252000,0.999,0.01
19,audiocaps-10%-lora-sd1_5-lr7e4-375k-28kwarmup,2023-08-16T13:15:24.000Z,0.0007,28000,375000,0.999,0.01
20,audiocaps-10%-lora-sd1_5-lr5e4-375k-28kwarmup,2023-08-16T13:16:03.000Z,0.0005,28000,375000,0.999,0.01
21,audiocaps-10%-lora-sd1_5-lr7e4-375k-32kwarmup,2023-08-16T16:11:55.000Z,0.0007,32000,375000,0.999,0.01
22,audiocaps-10%-lora-sd1_5-lr5e4-375k-32kwarmup,2023-08-16T16:14:31.000Z,0.0005,32000,375000,0.999,0.01
23,audiocaps-10%-lora-sd1_5-lr1e4-375k-0kwarmup,2023-08-16T19:51:33.000Z,0.0003,0,375000,0.999,0.01
24,audiocaps-10%-lora-sd1_5-lr5e4-25epochs+28kwarmup_0.99adam2,2023-08-17T22:46:08.000Z,0.0005,28000,152000,0.99,0.01
25,audiocaps-10%-lora-sd1_5-lr7e4-25epochs+28kwarmup_0.99adam2,2023-08-17T22:46:08.000Z,0.0007,28000,152000,0.99,0.01
26,audiocaps-10%-lora-sd1_5-lr7e4-25epochs+28kwarmup_3e2adamW,2023-08-17T22:46:13.000Z,0.0007,28000,152000,0.999,0.03
27,audiocaps-10%-lora-sd1_5-lr5e4-25epochs+28kwarmup_3e3adamW,2023-08-17T22:46:13.000Z,0.0005,28000,152000,0.999,0.003
28,audiocaps-10%-lora-sd1_5-lr5e4-25epochs+28kwarmup_3e2adamW,2023-08-17T22:46:14.000Z,0.0005,28000,152000,0.999,0.03
29,audiocaps-10%-lora-sd1_5-lr7e4-25epochs+28kwarmup_3e3adamW,2023-08-17T22:50:51.000Z,0.0007,28000,152000,0.999,0.003
30,audiocaps-10%-lora-sd1_5-lr7e4-25epochs+28kwarmup_3e3adamW_0.99adam2,2023-08-17T22:53:38.000Z,0.0007,28000,152000,0.99,0.003
31,audiocaps-10%-lora-sd1_5-lr5e4-25epochs+28kwarmup_3e3adamW_0.99adam2,2023-08-17T22:54:01.000Z,0.0005,28000,152000,0.99,0.03
32,audiocaps-10%-lora-sd1_5-lr7e4-25epochs+28kwarmup_3e2adamW_0.99adam2,2023-08-17T22:54:58.000Z,0.0007,28000,152000,0.99,0.03
33,audiocaps-10%-lora-sd1_5-lr5e4-25epochs+28kwarmup_3e3adamW_0.99adam2,2023-08-17T22:56:08.000Z,0.0005,28000,152000,0.99,0.003
34,audiocaps-10%-lora-sd1_5-lr1e3-25epochs+28kwarmup_3e2adamW,2023-08-18T16:02:48.000Z,0.001,28000,152000,0.999,0.03
35,audiocaps-10%-lora-sd1_5-lr1e3-25epochs+28kwarmup_0.99adam2,2023-08-18T16:02:57.000Z,0.001,28000,152000,0.99,0.01
36,audiocaps-10%-lora-sd1_5-lr1e3-25epochs+28kwarmup_3e2adamW_0.99adam2,2023-08-18T16:04:48.000Z,0.001,28000,152000,0.99,0.03
37,audiocaps-10%-lora-sd1_5-lr1e3-25epochs+28kwarmup_3e3adamW_0.99adam2,2023-08-18T16:04:48.000Z,0.001,28000,152000,0.99,0.003
38,audiocaps-10%-lora-sd1_5-lr1e4-25epochs+28kwarmup_3e2adamW,2023-08-18T16:05:59.000Z,0.0001,28000,152000,0.999,0.03
39,audiocaps-10%-lora-sd1_5-lr1e4-25epochs+28kwarmup_3e3adamW,2023-08-18T16:05:59.000Z,0.0001,28000,152000,0.999,0.003
40,audiocaps-10%-lora-sd1_5-lr1e3-25epochs+28kwarmup_3e3adamW,2023-08-18T16:08:40.000Z,0.001,28000,152000,0.999,0.003
41,audiocaps-10%-lora-sd1_5-lr1e4-25epochs+28kwarmup_3e2adamW_0.99beta2,2023-08-19T10:07:16.000Z,0.0001,28000,152000,0.99,0.01
42,audiocaps-10%-lora-sd1_5-lr1e4-25epochs+28kwarmup_3e3adamW_0.99beta2,2023-08-19T10:07:21.000Z,0.0001,28000,152000,0.99,0.003
43,audiocaps-10%-lora-sd1_5-lr1e4-25epochs+28kwarmup_3e2adamW_0.99beta2,2023-08-19T10:13:15.000Z,0.0001,28000,152000,0.99,0.03
44,audiocaps-10%-lora-sd1_5-lr3e3-25epochs+28kwarmup_3e3adamW_0.99beta2,2023-08-19T15:16:32.000Z,0.003,28000,152000,0.99,0.003
